{
  "project_info": {
    "project_number": "151275153008",
    "project_id": "vafee-91686",
    "storage_bucket": "vafee-91686.appspot.com"
  },
  "client": [
    {
      "client_info": {
        "mobilesdk_app_id": "1:151275153008:android:c032be0223fa0f5ce8f6b5",
        "android_client_info": {
          "package_name": "vafee.webrtc.app"
        }
      },
      "oauth_client": [
        {
          "client_id": "151275153008-7bbbinhbdpkpcvbspjtdofl99ds225or.apps.googleusercontent.com",
          "client_type": 1,
          "android_info": {
            "package_name": "vafee.webrtc.app",
            "certificate_hash": "9bbb3186b2189ef16d8f272bdab59362c395cbb4"
          }
        },
        {
          "client_id": "151275153008-6qjmigev5n5m3uf0vhnel6hma1snn6q7.apps.googleusercontent.com",
          "client_type": 3
        }
      ],
      "api_key": [
        {
          "current_key": "AIzaSyAxBoo2cIQYHXPbrgW8dbdFDlkKqmUS4yM"
        }
      ],
      "services": {
        "appinvite_service": {
          "other_platform_oauth_client": [
            {
              "client_id": "151275153008-6qjmigev5n5m3uf0vhnel6hma1snn6q7.apps.googleusercontent.com",
              "client_type": 3
            },
            {
              "client_id": "151275153008-55bqv42ehc6mqegclmu7qriobb7fbs1g.apps.googleusercontent.com",
              "client_type": 2,
              "ios_info": {
                "bundle_id": "vafee.webrtc.app"
              }
            }
          ]
        }
      }
    }
  ],
  "configuration_version": "1"
}