{
  "indexes": [
    {
      "collectionGroup": "chats",
      "queryScope": "COLLECTION",
      "fields": [
        {
          "fieldPath": "users",
          "arrayConfig": "CONTAINS"
        },
        {
          "fieldPath": "last_message_time",
          "order": "DESCENDING"
        }
      ]
    },
    {
      "collectionGroup": "tasks",
      "queryScope": "COLLECTION",
      "fields": [
        {
          "fieldPath": "status",
          "order": "ASCENDING"
        },
        {
          "fieldPath": "assigned",
          "arrayConfig": "CONTAINS"
        }
      ]
    },
    {
      "collectionGroup": "todo",
      "queryScope": "COLLECTION",
      "fields": [
        {
          "fieldPath": "created_by",
          "order": "ASCENDING"
        },
        {
          "fieldPath": "date",
          "order": "ASCENDING"
        }
      ]
    },
    {
      "collectionGroup": "chat_messages",
      "queryScope": "COLLECTION",
      "fields": [
        {
          "fieldPath": "chat",
          "order": "ASCENDING"
        },
        {
          "fieldPath": "timestamp",
          "order": "DESCENDING"
        }
      ]
    }
  ]
}